[
    {
        "numMessagesSent": 1,
        "recipient": "+275534567",
        "messageID": "7799294784",
        "messageHash": "77:1:REDRED",
        "isSent": true,
        "messageContent": "red"
    },
    {
        "numMessagesSent": 2,
        "recipient": "+276644333333",
        "messageID": "9245922040",
        "messageHash": "92:2:GREENGREEN",
        "isSent": false,
        "messageContent": "green"
    },
    {
        "numMessagesSent": 1,
        "recipient": "+2755434564",
        "messageID": "8143404870",
        "messageHash": "81:1:REDRED",
        "isSent": true,
        "messageContent": "red"
    },
    {
        "numMessagesSent": 2,
        "recipient": "+2785446899",
        "messageID": "1664168276",
        "messageHash": "16:2:GREENGREEN",
        "isSent": true,
        "messageContent": "green"
    },
    {
        "numMessagesSent": 1,
        "recipient": "+274433322222",
        "messageID": "3257907096",
        "messageHash": "32:1:REDRED",
        "isSent": true,
        "messageContent": "red"
    },
    {
        "numMessagesSent": 1,
        "recipient": "+27663455643",
        "messageID": "9654437809",
        "messageHash": "96:1:REDRED",
        "isSent": true,
        "messageContent": "red"
    },
    {
        "numMessagesSent": 2,
        "recipient": "+256478844",
        "messageID": "5460875765",
        "messageHash": "54:2:GREENGREEN",
        "isSent": true,
        "messageContent": "green"
    },
    {
        "numMessagesSent": 1,
        "recipient": "+2755543333",
        "messageID": "8510718338",
        "messageHash": "85:1:REDRED",
        "isSent": true,
        "messageContent": "red"
    },
    {
        "numMessagesSent": 2,
        "recipient": "+2755444444444",
        "messageID": "6316065198",
        "messageHash": "63:2:GREENGREEN",
        "isSent": true,
        "messageContent": "green"
    },
    {
        "numMessagesSent": 1,
        "recipient": "+2755365432",
        "messageID": "2386666386",
        "messageHash": "23:1:REDRED",
        "isSent": true,
        "messageContent": "red"
    },
    {
        "numMessagesSent": 2,
        "recipient": "+2788453439",
        "messageID": "6266315275",
        "messageHash": "62:2:YELLOWYELLOW",
        "isSent": true,
        "messageContent": "yellow"
    },
    {
        "numMessagesSent": 1,
        "recipient": "+276636215",
        "messageID": "2631383313",
        "messageHash": "26:1:REDRED",
        "isSent": true,
        "messageContent": "red"
    },
    {
        "numMessagesSent": 2,
        "recipient": "+265533344",
        "messageID": "1305480823",
        "messageHash": "13:2:HEDGEHEDGE",
        "isSent": true,
        "messageContent": "hedge"
    },
    {
        "numMessagesSent": 1,
        "recipient": "+27663622734",
        "messageID": "4325369445",
        "messageHash": "43:1:REDRED",
        "isSent": true,
        "messageContent": "red"
    },
    {
        "numMessagesSent": 2,
        "recipient": "+27333622734",
        "messageID": "4877534904",
        "messageHash": "48:2:GREENGREEN",
        "isSent": true,
        "messageContent": "green"
    },
    {
        "numMessagesSent": 1,
        "recipient": "+27553621673",
        "messageID": "3407249819",
        "messageHash": "34:1:REDRED",
        "isSent": true,
        "messageContent": "red"
    },
    {
        "numMessagesSent": 1,
        "recipient": "+27553621673",
        "messageID": "2503818594",
        "messageHash": "25:1:REDRED",
        "isSent": true,
        "messageContent": "red"
    },
    {
        "numMessagesSent": 2,
        "recipient": "+27443621673",
        "messageID": "3317113850",
        "messageHash": "33:2:GREENGREEN",
        "isSent": true,
        "messageContent": "green"
    },
    {
        "numMessagesSent": 1,
        "recipient": "+27663621863",
        "messageID": "1470980293",
        "messageHash": "14:1:REDRED",
        "isSent": false,
        "messageContent": "red"
    }
]

/*
 * References:
 * OpenAI (2025) ChatGPT [Online]. Available at: https://chat.openai.com (Accessed: 25 June 2025).
 * Google (2025) Gemini [Online]. Available at: https://gemini.google.com (Accessed: 25 June 2025).
 */
